strain	length	A	C	G	T	N	other_IUPAC	-	?	invalid_nucleotides
Ankara-TgH102001	604	140	144	190	130	0	0	0	0	0
TgPiPr09	604	140	142	192	130	0	0	0	0	0
TgCkPr11	604	140	142	192	130	0	0	0	0	0
TgPiPr13	604	140	142	192	130	0	0	0	0	0
TgCkPr03	604	140	142	192	130	0	0	0	0	0
TgWTDPa06	604	140	142	192	130	0	0	0	0	0
TgWolfMN28	607	142	141	191	133	0	0	0	0	0
TgH19006	604	143	143	189	129	0	0	0	0	0
TgH42001	604	142	143	189	130	0	0	0	0	0
TgH00009	604	142	143	189	130	0	0	0	0	0
GUY-CAN-FAM-07-TgA18006	604	142	143	189	130	0	0	0	0	0
TgH18008	604	142	143	189	130	0	0	0	0	0
GAB3-GAL-DOM11-TgA105043	604	140	144	190	130	0	0	0	0	0
GAB3-GAL-DOM02-TgA105001	604	140	144	190	130	0	0	0	0	0
GAB5-GAL-DOM03-TgA105055	604	140	142	192	130	0	0	0	0	0
FR-OVI-ARI029-TgA32095	604	140	142	192	130	0	0	0	0	0
FR-OVI-ARI042-TgA32108	604	140	142	192	130	0	0	0	0	0
FR-OVI-ARI050-TgA32116	604	140	142	192	130	0	0	0	0	0
FR-OVI-ARI021-TgA32088	604	140	142	192	130	0	0	0	0	0
TgGtEt04	604	140	142	192	130	0	0	0	0	0
TgGtEt02	604	140	142	192	130	0	0	0	0	0
TgGtEt14	604	140	142	192	130	0	0	0	0	0
TgGtEt01	604	140	142	192	130	0	0	0	0	0
TgCtwh14	604	140	142	192	130	0	0	0	0	0
TgCatCZg02	604	140	142	192	130	0	0	0	0	0
TgCatCHn01	604	142	143	188	131	0	0	0	0	0
TgCatPr06	604	143	142	191	128	0	0	0	0	0
TgH13006	604	142	143	189	130	0	0	0	0	0
TgH40002	604	142	143	188	131	0	0	0	0	0
ENVL-2002-MAC	604	142	143	188	131	0	0	0	0	0
TgCatPr08	604	143	142	191	128	0	0	0	0	0
TgCatBr60	604	141	142	190	131	0	0	0	0	0
TgCpBr18	604	141	142	190	131	0	0	0	0	0
TgCkBr181	604	142	143	189	130	0	0	0	0	0
TgJagBr01	604	142	143	189	130	0	0	0	0	0
TgCkAt08	604	140	142	192	130	0	0	0	0	0
TgCkAt20	604	140	142	192	130	0	0	0	0	0
TgCkAt27	604	140	142	192	130	0	0	0	0	0
